Param	NAbs_0	NPres_1	NAbs_DNAInLR_3	NAbs_DNAInSR_4	NAbs_DNAInSRandLR_5	NAbs_AnnoDiscrep	NAbs_IncompAsm	NAbs_Total	PercAbs_0	PercAbs_DNAInLR_3	PercAbs_DNAInSR_4	PercAbs_DNAInSRandLR_5	PercAbs_AnnoDiscrep	PercAbs_IncompAsm
SR_Panaroo_Strict_MP	15053	600688	4514	47	15559	15606	4514	35173	42.8	12.83	0.13	44.24	44.370000000000005	12.83
SR_Panaroo_Moderate_MP	20324	609813	6569	85	24891	24976	6569	51869	39.18	12.66	0.16	47.99	48.15	12.66
SR_Panaroo_Sens_MP	34079	610926	9451	139	40005	40144	9451	83674	40.73	11.3	0.17	47.81	47.980000000000004	11.3
SR_Roary_NoSplitParalogs	50300	597507	12038	90	98840	98930	12038	161268	31.19	7.46	0.06	61.29	61.35	7.46
SR_Roary_NoSplitParalogs_I90	46473	597068	10993	88	93734	93822	10993	151288	30.72	7.27	0.06	61.96	62.02	7.27
SR_Roary_NoSplitParalogs_I80	41820	592992	10240	75	89639	89714	10240	141774	29.5	7.22	0.05	63.23	63.279999999999994	7.22
